Age,TravelAlone,Pclass_1,Pclass_2,Embarked_C,Embarked_S,Sex_male,IsMinor
22.0,0,False,False,False,True,True,0
38.0,0,True,False,True,False,False,0
26.0,1,False,False,False,True,False,0
35.0,0,True,False,False,True,False,0
35.0,1,False,False,False,True,True,0
28.0,1,False,False,False,False,True,0
54.0,1,True,False,False,True,True,0
2.0,0,False,False,False,True,True,1
27.0,0,False,False,False,True,False,0
14.0,0,False,True,True,False,False,1
4.0,0,False,False,False,True,False,1
58.0,1,True,False,False,True,False,0
20.0,1,False,False,False,True,True,0
39.0,0,False,False,False,True,True,0
14.0,1,False,False,False,True,False,1
55.0,1,False,True,False,True,False,0
2.0,0,False,False,False,False,True,1
28.0,1,False,True,False,True,True,0
31.0,0,False,False,False,True,False,0
28.0,1,False,False,True,False,False,0
35.0,1,False,True,False,True,True,0
34.0,1,False,True,False,True,True,0
15.0,1,False,False,False,False,False,1
28.0,1,True,False,False,True,True,0
8.0,0,False,False,False,True,False,1
38.0,0,False,False,False,True,False,0
28.0,1,False,False,True,False,True,0
19.0,0,True,False,False,True,True,0
28.0,1,False,False,False,False,False,0
28.0,1,False,False,False,True,True,0
40.0,1,True,False,True,False,True,0
28.0,0,True,False,True,False,False,0
28.0,1,False,False,False,False,False,0
66.0,1,False,True,False,True,True,0
28.0,0,True,False,True,False,True,0
42.0,0,True,False,False,True,True,0
28.0,1,False,False,True,False,True,0
21.0,1,False,False,False,True,True,0
18.0,0,False,False,False,True,False,0
14.0,0,False,False,True,False,False,1
40.0,0,False,False,False,True,False,0
27.0,0,False,True,False,True,False,0
28.0,1,False,False,True,False,True,0
3.0,0,False,True,True,False,False,1
19.0,1,False,False,False,False,False,0
28.0,1,False,False,False,True,True,0
28.0,0,False,False,False,False,True,0
28.0,1,False,False,False,False,False,0
28.0,0,False,False,True,False,True,0
18.0,0,False,False,False,True,False,0
7.0,0,False,False,False,True,True,1
21.0,1,False,False,False,True,True,0
49.0,0,True,False,True,False,False,0
29.0,0,False,True,False,True,False,0
65.0,0,True,False,True,False,True,0
28.0,1,True,False,False,True,True,0
21.0,1,False,True,False,True,False,0
28.5,1,False,False,True,False,True,0
5.0,0,False,True,False,True,False,1
11.0,0,False,False,False,True,True,1
22.0,1,False,False,True,False,True,0
38.0,1,True,False,False,True,False,0
45.0,0,True,False,False,True,True,0
4.0,0,False,False,False,True,True,1
28.0,1,True,False,True,False,True,0
28.0,0,False,False,True,False,True,0
29.0,1,False,True,False,True,False,0
19.0,1,False,False,False,True,True,0
17.0,0,False,False,False,True,False,0
26.0,0,False,False,False,True,True,0
32.0,1,False,True,False,True,True,0
16.0,0,False,False,False,True,False,1
21.0,1,False,True,False,True,True,0
26.0,0,False,False,True,False,True,0
32.0,1,False,False,False,True,True,0
25.0,1,False,False,False,True,True,0
28.0,1,False,False,False,True,True,0
28.0,1,False,False,False,True,True,0
0.83,0,False,True,False,True,True,1
30.0,1,False,False,False,True,False,0
22.0,1,False,False,False,True,True,0
29.0,1,False,False,False,True,True,0
28.0,1,False,False,False,False,False,0
28.0,1,True,False,False,True,True,0
17.0,1,False,True,False,True,False,0
33.0,0,False,False,False,True,False,0
16.0,0,False,False,False,True,True,1
28.0,1,False,False,False,True,True,0
23.0,0,True,False,False,True,False,0
24.0,1,False,False,False,True,True,0
29.0,1,False,False,False,True,True,0
20.0,1,False,False,False,True,True,0
46.0,0,True,False,False,True,True,0
26.0,0,False,False,False,True,True,0
59.0,1,False,False,False,True,True,0
28.0,1,False,False,False,True,True,0
71.0,1,True,False,True,False,True,0
23.0,0,True,False,True,False,True,0
34.0,0,False,True,False,True,False,0
34.0,0,False,True,False,True,True,0
28.0,1,False,False,False,True,False,0
28.0,1,False,False,False,True,True,0
21.0,0,True,False,False,True,True,0
33.0,1,False,False,False,True,True,0
37.0,0,False,False,False,True,True,0
28.0,1,False,False,False,True,True,0
21.0,1,False,False,False,True,False,0
28.0,1,False,False,False,True,True,0
38.0,1,False,False,False,True,True,0
28.0,0,False,False,False,False,False,0
47.0,1,True,False,False,True,True,0
14.5,0,False,False,True,False,False,1
22.0,1,False,False,False,True,True,0
20.0,0,False,False,False,True,False,0
17.0,1,False,False,True,False,False,0
21.0,1,False,False,False,True,True,0
70.5,1,False,False,False,False,True,0
29.0,0,False,True,False,True,True,0
24.0,0,True,False,True,False,True,0
2.0,0,False,False,False,True,False,1
21.0,0,False,True,False,True,True,0
28.0,1,False,False,False,True,True,0
32.5,0,False,True,True,False,True,0
32.5,1,False,True,False,True,False,0
54.0,0,True,False,False,True,True,0
12.0,0,False,False,True,False,True,1
28.0,1,False,False,False,False,True,0
24.0,1,False,False,False,True,True,0
28.0,0,False,False,True,False,False,0
45.0,1,False,False,False,True,True,0
33.0,1,False,False,True,False,True,0
20.0,1,False,False,False,True,True,0
47.0,0,False,False,False,True,False,0
29.0,0,False,True,False,True,False,0
25.0,1,False,True,False,True,True,0
23.0,1,False,True,True,False,True,0
19.0,0,True,False,False,True,False,0
37.0,0,True,False,False,True,True,0
16.0,1,False,False,False,True,True,1
24.0,1,True,False,True,False,True,0
28.0,0,False,False,True,False,False,0
22.0,1,False,False,False,True,False,0
24.0,0,False,False,False,True,False,0
19.0,1,False,False,False,False,True,0
18.0,1,False,True,False,True,True,0
19.0,0,False,True,False,True,True,0
27.0,1,False,False,False,True,True,0
9.0,0,False,False,False,True,False,1
36.5,0,False,True,False,True,True,0
42.0,1,False,True,False,True,True,0
51.0,1,False,True,False,True,True,0
22.0,0,True,False,False,True,False,0
55.5,1,False,False,False,True,True,0
40.5,0,False,False,False,True,True,0
28.0,1,False,False,False,True,True,0
51.0,0,True,False,True,False,True,0
16.0,1,False,False,False,False,False,1
30.0,1,False,False,False,True,True,0
28.0,1,False,False,False,True,True,0
28.0,0,False,False,False,True,True,0
44.0,0,False,False,False,True,True,0
40.0,1,False,True,False,True,False,0
26.0,1,False,False,False,True,True,0
17.0,1,False,False,False,True,True,0
1.0,0,False,False,False,True,True,1
9.0,0,False,False,False,True,True,1
28.0,0,True,False,False,True,False,0
45.0,0,False,False,False,True,False,0
28.0,1,True,False,False,True,True,0
28.0,1,False,False,False,True,True,0
61.0,1,True,False,False,True,True,0
4.0,0,False,False,False,False,True,1
1.0,0,False,False,False,True,False,1
21.0,1,False,False,False,True,True,0
56.0,1,True,False,True,False,True,0
18.0,0,False,False,False,True,True,0
28.0,0,False,False,False,True,True,0
50.0,1,True,False,True,False,False,0
30.0,1,False,True,False,True,True,0
36.0,1,False,False,False,True,True,0
28.0,0,False,False,False,True,False,0
28.0,1,False,True,True,False,True,0
9.0,0,False,False,False,True,True,1
1.0,0,False,True,False,True,True,1
4.0,0,False,False,False,True,False,1
28.0,1,True,False,False,True,True,0
28.0,0,False,False,False,False,False,0
45.0,1,True,False,False,True,True,0
40.0,0,False,False,False,False,True,0
36.0,1,False,False,False,True,True,0
32.0,1,False,True,False,True,False,0
19.0,1,False,True,False,True,True,0
19.0,0,False,False,False,True,False,0
3.0,0,False,True,False,True,True,1
44.0,1,True,False,True,False,False,0
58.0,1,True,False,True,False,False,0
28.0,1,False,False,False,False,True,0
42.0,0,False,False,False,True,True,0
28.0,1,False,False,False,False,False,0
24.0,1,False,True,False,True,False,0
28.0,1,False,False,False,True,True,0
28.0,0,False,False,False,True,True,0
34.0,1,False,False,False,True,True,0
45.5,1,False,False,True,False,True,0
18.0,1,False,False,False,True,True,0
2.0,0,False,False,False,True,False,1
32.0,0,False,False,False,True,True,0
26.0,1,False,False,True,False,True,0
16.0,1,False,False,False,False,False,1
40.0,1,True,False,True,False,True,0
24.0,1,False,False,False,True,True,0
35.0,1,False,True,False,True,False,0
22.0,1,False,False,False,True,True,0
30.0,1,False,True,False,True,True,0
28.0,0,False,False,False,False,True,0
31.0,0,True,False,True,False,False,0
27.0,1,False,False,False,True,False,0
42.0,0,False,True,False,True,True,0
32.0,1,True,False,True,False,False,0
30.0,1,False,True,False,True,True,0
16.0,1,False,False,False,True,True,1
27.0,1,False,True,False,True,True,0
51.0,1,False,False,False,True,True,0
28.0,1,False,False,False,True,True,0
38.0,0,True,False,False,True,True,0
22.0,1,False,False,False,True,True,0
19.0,1,False,True,False,True,True,0
20.5,1,False,False,False,True,True,0
18.0,1,False,True,False,True,True,0
28.0,0,False,False,False,True,False,0
35.0,0,True,False,False,True,False,0
29.0,1,False,False,False,True,True,0
59.0,1,False,True,False,True,True,0
5.0,0,False,False,False,True,False,1
24.0,1,False,True,False,True,True,0
28.0,1,False,False,False,True,False,0
44.0,0,False,True,False,True,True,0
8.0,0,False,True,False,True,False,1
19.0,1,False,True,False,True,True,0
33.0,1,False,True,False,True,True,0
28.0,0,False,False,True,False,False,0
28.0,0,False,False,False,False,False,0
29.0,1,False,True,False,True,True,0
22.0,1,False,False,False,True,True,0
30.0,1,False,False,True,False,True,0
44.0,0,True,False,False,False,True,0
25.0,1,False,False,False,True,False,0
24.0,0,False,True,False,True,False,0
37.0,0,True,False,False,True,True,0
54.0,0,False,True,False,True,True,0
28.0,1,False,False,False,True,True,0
29.0,0,False,False,False,True,False,0
62.0,1,True,False,False,True,True,0
30.0,0,False,False,False,True,True,0
41.0,0,False,False,False,True,False,0
29.0,0,False,False,True,False,False,0
28.0,1,True,False,True,False,False,0
30.0,1,True,False,False,True,False,0
35.0,1,True,False,True,False,False,0
50.0,0,False,True,False,True,False,0
28.0,1,False,False,False,False,True,0
3.0,0,False,False,False,True,True,1
52.0,0,True,False,False,True,True,0
40.0,1,True,False,False,True,True,0
28.0,1,False,False,False,False,False,0
36.0,1,False,True,False,True,True,0
16.0,0,False,False,False,True,True,1
25.0,0,False,False,False,True,True,0
58.0,0,True,False,False,True,False,0
35.0,1,True,False,False,True,False,0
28.0,1,True,False,False,True,True,0
25.0,1,False,False,False,True,True,0
41.0,0,False,True,False,True,False,0
37.0,0,True,False,True,False,True,0
28.0,1,False,False,False,False,False,0
63.0,0,True,False,False,True,False,0
45.0,1,False,False,False,True,False,0
28.0,1,False,True,False,True,True,0
7.0,0,False,False,False,False,True,1
35.0,0,False,False,False,True,False,0
65.0,1,False,False,False,False,True,0
28.0,1,False,False,False,True,True,0
16.0,1,False,False,False,True,True,1
19.0,1,False,False,False,True,True,0
28.0,1,True,False,False,True,True,0
33.0,1,False,False,True,False,True,0
30.0,1,False,False,False,True,True,0
22.0,1,False,False,False,True,True,0
42.0,1,False,True,False,True,True,0
22.0,1,False,False,False,False,False,0
26.0,1,True,False,False,True,False,0
19.0,0,True,False,True,False,False,0
36.0,1,False,True,True,False,True,0
24.0,1,False,False,False,True,False,0
24.0,1,False,False,False,True,True,0
28.0,1,True,False,True,False,True,0
23.5,1,False,False,True,False,True,0
2.0,0,True,False,False,True,False,1
28.0,1,True,False,False,True,True,0
50.0,0,True,False,True,False,False,0
28.0,1,False,False,False,False,False,0
28.0,0,False,False,False,False,True,0
19.0,1,False,False,False,True,True,0
28.0,1,False,True,False,False,False,0
28.0,1,False,False,False,True,True,0
0.92,0,True,False,False,True,True,1
28.0,1,True,False,True,False,False,0
17.0,0,True,False,True,False,False,0
30.0,0,False,True,True,False,True,0
30.0,1,True,False,True,False,False,0
24.0,1,True,False,True,False,False,0
18.0,0,True,False,True,False,False,0
26.0,0,False,True,False,True,False,0
28.0,1,False,False,False,True,True,0
43.0,0,False,True,False,True,True,0
26.0,1,False,False,False,True,False,0
24.0,0,False,True,False,True,False,0
54.0,1,False,True,False,True,True,0
31.0,0,True,False,False,True,False,0
40.0,0,True,False,True,False,False,0
22.0,1,False,False,False,True,True,0
27.0,1,False,False,False,True,True,0
30.0,1,False,True,False,False,False,0
22.0,0,False,True,False,True,False,0
28.0,0,False,False,False,True,True,0
36.0,1,True,False,True,False,False,0
61.0,1,False,False,False,True,True,0
36.0,1,False,True,False,True,False,0
31.0,0,False,False,False,True,False,0
16.0,0,True,False,True,False,False,1
28.0,0,False,False,False,False,False,0
45.5,1,True,False,False,True,True,0
38.0,0,True,False,False,True,True,0
16.0,0,False,False,False,True,True,1
28.0,0,True,False,False,True,False,0
28.0,1,False,False,False,True,True,0
29.0,0,True,False,False,True,True,0
41.0,1,True,False,True,False,False,0
45.0,1,False,False,False,True,True,0
45.0,1,True,False,False,True,True,0
2.0,0,False,True,False,True,True,1
24.0,0,True,False,False,True,False,0
28.0,1,False,True,False,True,True,0
25.0,1,False,True,False,True,True,0
36.0,1,False,True,False,True,True,0
24.0,1,False,True,False,True,False,0
40.0,1,False,True,False,True,False,0
28.0,0,False,False,False,True,False,0
3.0,0,False,False,False,True,True,1
42.0,1,False,False,False,True,True,0
23.0,1,False,False,False,True,True,0
28.0,1,True,False,False,True,True,0
15.0,0,False,False,True,False,True,1
25.0,0,False,False,False,True,True,0
28.0,1,False,False,True,False,True,0
28.0,1,False,False,False,True,True,0
22.0,0,True,False,False,True,False,0
38.0,1,False,True,False,True,False,0
28.0,1,False,False,False,False,False,0
28.0,1,False,False,False,False,False,0
40.0,0,False,False,False,True,True,0
29.0,0,False,True,True,False,True,0
45.0,0,False,False,True,False,False,0
35.0,1,False,False,False,True,True,0
28.0,0,False,False,False,False,True,0
30.0,1,False,False,False,True,True,0
60.0,0,True,False,True,False,False,0
28.0,1,False,False,True,False,False,0
28.0,1,False,False,False,False,False,0
24.0,1,True,False,True,False,False,0
25.0,0,True,False,True,False,True,0
18.0,0,False,False,False,True,True,0
19.0,1,False,False,False,True,True,0
22.0,1,True,False,True,False,True,0
3.0,0,False,False,False,True,False,1
28.0,0,True,False,True,False,False,0
22.0,1,False,False,False,True,False,0
27.0,0,True,False,True,False,True,0
20.0,1,False,False,True,False,True,0
19.0,1,False,False,False,True,True,0
42.0,1,True,False,True,False,False,0
1.0,0,False,False,True,False,False,1
32.0,1,False,False,False,True,True,0
35.0,0,True,False,False,True,False,0
28.0,1,False,False,False,True,True,0
18.0,1,False,True,False,True,True,0
1.0,0,False,False,False,True,True,1
36.0,1,False,True,False,True,False,0
28.0,1,False,False,False,False,True,0
17.0,1,False,True,True,False,False,0
36.0,0,True,False,False,True,True,0
21.0,1,False,False,False,True,True,0
28.0,0,False,False,False,True,True,0
23.0,0,True,False,True,False,False,0
24.0,0,False,False,False,True,False,0
22.0,1,False,False,False,True,True,0
31.0,1,False,False,False,True,False,0
46.0,1,False,True,False,True,True,0
23.0,1,False,True,False,True,True,0
28.0,1,False,True,False,True,False,0
39.0,1,False,False,False,True,True,0
26.0,1,False,False,False,True,True,0
21.0,0,False,False,False,True,False,0
28.0,0,False,False,False,True,True,0
20.0,1,False,False,False,True,False,0
34.0,0,False,True,False,True,True,0
51.0,1,False,False,False,True,True,0
3.0,0,False,True,False,True,True,1
21.0,1,False,False,False,True,True,0
28.0,0,False,False,False,True,False,0
28.0,1,False,False,False,True,True,0
28.0,1,False,False,False,False,True,0
33.0,0,True,False,False,False,False,0
28.0,1,False,True,False,True,True,0
44.0,1,False,False,False,True,True,0
28.0,1,False,False,False,True,False,0
34.0,0,False,True,False,True,False,0
18.0,0,False,True,False,True,False,0
30.0,1,False,True,False,True,True,0
10.0,0,False,False,False,True,False,1
28.0,1,False,False,True,False,True,0
21.0,1,False,False,False,False,True,0
29.0,1,False,False,False,True,True,0
28.0,0,False,False,False,True,False,0
18.0,0,False,False,False,True,True,0
28.0,1,False,False,False,True,True,0
28.0,0,False,True,False,True,False,0
19.0,1,False,True,False,True,False,0
28.0,1,False,False,False,False,True,0
32.0,1,False,False,False,True,True,0
28.0,1,True,False,False,True,True,0
28.0,0,False,False,False,True,False,0
42.0,0,False,True,False,True,False,0
17.0,1,False,False,False,True,True,0
50.0,0,True,False,False,True,True,0
14.0,0,True,False,False,True,False,1
21.0,0,False,False,False,True,False,0
24.0,0,False,True,False,True,False,0
64.0,0,True,False,False,True,True,0
31.0,1,False,True,False,True,True,0
45.0,0,False,True,False,True,False,0
20.0,1,False,False,False,True,True,0
25.0,0,False,False,False,True,True,0
28.0,1,False,True,False,True,False,0
28.0,1,False,False,False,True,True,0
4.0,0,True,False,False,True,True,1
13.0,0,False,True,False,True,False,1
34.0,1,True,False,False,True,True,0
5.0,0,False,False,True,False,False,1
52.0,1,True,False,False,True,True,0
36.0,0,False,True,False,True,True,0
28.0,0,False,False,False,True,True,0
30.0,1,True,False,True,False,True,0
49.0,0,True,False,True,False,True,0
28.0,1,False,False,False,True,True,0
29.0,1,False,False,True,False,True,0
65.0,1,True,False,False,True,True,0
28.0,0,True,False,False,True,False,0
50.0,1,False,True,False,True,False,0
28.0,1,False,False,False,False,True,0
48.0,1,True,False,False,True,True,0
34.0,1,False,False,False,True,True,0
47.0,1,True,False,False,True,True,0
48.0,1,False,True,False,True,True,0
28.0,1,False,False,False,True,True,0
38.0,1,False,False,False,True,True,0
28.0,1,False,True,False,True,True,0
56.0,1,True,False,False,True,True,0
28.0,1,False,False,False,False,True,0
0.75,0,False,False,True,False,False,1
28.0,1,False,False,False,True,True,0
38.0,1,False,False,False,True,True,0
33.0,0,False,True,False,True,False,0
23.0,1,False,True,True,False,False,0
22.0,1,False,False,False,True,False,0
28.0,1,True,False,False,True,True,0
34.0,0,False,True,False,True,True,0
29.0,0,False,False,False,True,True,0
22.0,1,False,False,False,True,True,0
2.0,0,False,False,False,True,False,1
9.0,0,False,False,False,True,True,1
28.0,1,False,True,False,True,True,0
50.0,1,False,False,False,True,True,0
63.0,1,False,False,False,True,False,0
25.0,0,True,False,True,False,True,0
28.0,0,False,False,False,True,False,0
35.0,0,True,False,False,True,False,0
58.0,1,True,False,True,False,True,0
30.0,1,False,False,False,True,True,0
9.0,0,False,False,False,True,True,1
28.0,0,False,False,False,True,True,0
21.0,1,False,False,False,True,True,0
55.0,1,True,False,False,True,True,0
71.0,1,True,False,True,False,True,0
21.0,1,False,False,False,True,True,0
28.0,1,False,False,True,False,True,0
54.0,0,True,False,True,False,False,0
28.0,1,False,False,False,True,True,0
25.0,0,True,False,False,True,False,0
24.0,1,False,False,False,True,True,0
17.0,1,False,False,False,True,True,0
21.0,1,False,False,False,False,False,0
28.0,1,False,False,False,False,False,0
37.0,1,False,False,False,True,False,0
16.0,1,True,False,False,True,False,1
18.0,0,True,False,True,False,True,0
33.0,0,False,True,False,True,False,0
28.0,1,True,False,False,True,True,0
28.0,1,False,False,False,True,True,0
26.0,1,False,False,False,True,True,0
29.0,1,False,False,False,False,True,0
28.0,1,False,False,False,True,True,0
36.0,1,True,False,False,True,True,0
54.0,0,True,False,True,False,False,0
24.0,1,False,False,False,True,True,0
47.0,1,True,False,False,True,True,0
34.0,1,False,True,False,True,False,0
28.0,1,False,False,False,False,True,0
36.0,0,False,True,False,True,False,0
32.0,1,False,False,False,True,True,0
30.0,1,True,False,False,True,False,0
22.0,1,False,False,False,True,True,0
28.0,1,False,False,True,False,True,0
44.0,0,True,False,True,False,False,0
28.0,1,False,False,True,False,True,0
40.5,1,False,False,False,False,True,0
50.0,1,False,True,False,True,False,0
28.0,1,True,False,False,True,True,0
39.0,1,False,False,False,True,True,0
23.0,0,False,True,False,True,True,0
2.0,0,False,True,False,True,False,1
28.0,1,False,False,True,False,True,0
17.0,0,False,False,True,False,True,0
28.0,0,False,False,True,False,False,0
30.0,1,False,False,False,True,False,0
7.0,0,False,True,False,True,False,1
45.0,1,True,False,False,True,True,0
30.0,1,True,False,True,False,False,0
28.0,1,False,False,False,True,True,0
22.0,0,True,False,True,False,False,0
36.0,0,True,False,False,True,False,0
9.0,0,False,False,False,True,False,1
11.0,0,False,False,False,True,False,1
32.0,0,False,True,False,True,True,0
50.0,0,True,False,True,False,True,0
64.0,1,True,False,False,True,True,0
19.0,0,False,True,False,True,False,0
28.0,1,False,True,True,False,True,0
33.0,0,False,False,False,True,True,0
8.0,0,False,True,False,True,True,1
17.0,0,True,False,True,False,True,0
27.0,1,False,True,False,True,True,0
28.0,1,False,False,False,False,True,0
22.0,1,False,False,True,False,True,0
22.0,1,False,False,False,True,False,0
62.0,1,True,False,False,True,True,0
48.0,0,True,False,True,False,False,0
28.0,1,True,False,True,False,True,0
39.0,0,True,False,False,True,False,0
36.0,0,False,False,False,True,False,0
28.0,1,False,False,False,False,True,0
40.0,1,False,False,False,True,True,0
28.0,1,False,True,False,True,True,0
28.0,1,False,False,False,True,True,0
28.0,1,False,False,False,True,False,0
24.0,0,False,False,False,True,True,0
19.0,1,False,False,False,True,True,0
29.0,0,False,False,False,True,False,0
28.0,1,False,False,True,False,True,0
32.0,1,False,False,False,True,True,0
62.0,1,False,True,False,True,True,0
53.0,0,True,False,False,True,False,0
36.0,1,True,False,False,True,True,0
28.0,1,False,False,False,False,False,0
16.0,1,False,False,False,True,True,1
19.0,1,False,False,False,True,True,0
34.0,1,False,True,False,True,False,0
39.0,0,True,False,False,True,False,0
28.0,0,False,False,True,False,False,0
32.0,1,False,False,False,True,True,0
25.0,0,False,True,False,True,False,0
39.0,0,True,False,True,False,False,0
54.0,1,False,True,False,True,True,0
36.0,1,True,False,True,False,True,0
28.0,1,False,False,True,False,True,0
18.0,0,True,False,False,True,False,0
47.0,1,False,True,False,True,True,0
60.0,0,True,False,True,False,True,0
22.0,1,False,False,False,True,True,0
28.0,1,False,False,False,True,True,0
35.0,1,False,False,False,True,True,0
52.0,0,True,False,True,False,False,0
47.0,1,False,False,False,True,True,0
28.0,0,False,False,False,False,False,0
37.0,0,False,True,False,True,True,0
36.0,0,False,False,False,True,True,0
28.0,1,False,True,False,True,False,0
49.0,1,False,False,False,True,True,0
28.0,1,False,False,True,False,True,0
49.0,0,True,False,True,False,True,0
24.0,0,False,True,False,True,False,0
28.0,1,False,False,False,True,True,0
28.0,1,True,False,False,True,True,0
44.0,1,False,False,False,True,True,0
35.0,1,True,False,True,False,True,0
36.0,0,False,False,False,True,True,0
30.0,1,False,False,False,True,True,0
27.0,1,True,False,False,True,True,0
22.0,0,False,True,True,False,False,0
40.0,1,True,False,False,True,False,0
39.0,0,False,False,False,True,False,0
28.0,1,False,False,False,True,True,0
28.0,0,False,False,False,False,False,0
28.0,1,False,False,False,False,True,0
35.0,1,False,False,False,True,True,0
24.0,0,False,True,False,True,False,0
34.0,0,False,False,False,True,True,0
26.0,0,False,False,False,True,False,0
4.0,0,False,True,False,True,False,1
26.0,1,False,True,False,True,True,0
27.0,0,False,False,True,False,True,0
42.0,0,True,False,False,True,True,0
20.0,0,False,False,True,False,True,0
21.0,1,False,False,False,True,True,0
21.0,1,False,False,False,True,True,0
61.0,1,True,False,False,True,True,0
57.0,1,False,True,False,False,True,0
21.0,1,True,False,False,True,False,0
26.0,1,False,False,False,True,True,0
28.0,1,False,False,False,False,True,0
80.0,1,True,False,False,True,True,0
51.0,1,False,False,False,True,True,0
32.0,1,True,False,True,False,True,0
28.0,1,True,False,False,True,True,0
9.0,0,False,False,False,True,False,1
28.0,1,False,True,False,True,False,0
32.0,1,False,False,False,True,True,0
31.0,0,False,True,False,True,True,0
41.0,0,False,False,False,True,False,0
28.0,0,False,False,False,True,True,0
20.0,1,False,False,False,True,True,0
24.0,1,True,False,True,False,False,0
2.0,0,False,False,False,True,False,1
28.0,1,False,False,False,True,True,0
0.75,0,False,False,True,False,False,1
48.0,0,True,False,True,False,True,0
19.0,1,False,False,False,True,True,0
56.0,1,True,False,True,False,True,0
28.0,1,False,False,False,True,True,0
23.0,1,False,False,False,True,False,0
28.0,1,False,False,False,True,True,0
18.0,0,False,True,False,True,False,0
21.0,1,False,False,False,True,True,0
28.0,1,False,False,False,False,False,0
18.0,1,False,False,False,False,False,0
24.0,0,False,True,False,True,True,0
28.0,1,False,False,False,True,True,0
32.0,0,False,False,False,False,False,0
23.0,1,False,True,False,True,True,0
58.0,0,True,False,True,False,True,0
50.0,0,True,False,False,True,True,0
40.0,1,False,False,True,False,True,0
47.0,1,True,False,False,True,True,0
36.0,1,False,False,False,True,True,0
20.0,0,False,False,False,True,True,0
32.0,0,False,True,False,True,True,0
25.0,1,False,True,False,True,True,0
28.0,1,False,False,False,True,True,0
43.0,1,False,False,False,True,True,0
28.0,0,True,False,False,True,False,0
40.0,0,False,True,False,True,False,0
31.0,0,True,False,False,True,True,0
70.0,1,False,True,False,True,True,0
31.0,1,False,True,False,True,True,0
28.0,1,False,True,False,True,True,0
18.0,1,False,False,False,True,True,0
24.5,1,False,False,False,True,True,0
18.0,1,False,False,False,True,False,0
43.0,0,False,False,False,True,False,0
36.0,0,True,False,True,False,True,0
28.0,1,False,False,False,False,False,0
27.0,1,True,False,True,False,True,0
20.0,1,False,False,False,True,True,0
14.0,0,False,False,False,True,True,1
60.0,0,False,True,False,True,True,0
25.0,0,False,True,True,False,True,0
14.0,0,False,False,False,True,True,1
19.0,1,False,False,False,True,True,0
18.0,1,False,False,False,True,True,0
15.0,0,True,False,False,True,False,1
31.0,0,True,False,False,True,True,0
4.0,0,False,False,True,False,False,1
28.0,1,False,False,False,True,True,0
25.0,1,False,False,True,False,True,0
60.0,1,True,False,False,True,True,0
52.0,1,False,True,False,True,True,0
44.0,1,False,False,False,True,True,0
28.0,1,False,False,False,False,False,0
49.0,0,True,False,True,False,True,0
42.0,1,False,False,False,True,True,0
18.0,0,True,False,True,False,False,0
35.0,1,True,False,False,True,True,0
18.0,0,False,False,True,False,False,0
25.0,1,False,False,False,False,True,0
26.0,0,False,False,False,True,True,0
39.0,1,False,True,False,True,True,0
45.0,1,False,True,False,True,False,0
42.0,1,True,False,False,True,True,0
22.0,1,True,False,False,True,False,0
28.0,0,False,False,True,False,True,0
24.0,1,True,False,True,False,False,0
28.0,1,True,False,False,True,True,0
48.0,0,True,False,False,True,True,0
29.0,1,False,False,False,True,True,0
52.0,1,False,True,False,True,True,0
19.0,1,False,False,False,True,True,0
38.0,1,True,False,True,False,False,0
27.0,1,False,True,False,True,False,0
28.0,1,False,False,False,False,True,0
33.0,1,False,False,False,True,True,0
6.0,0,False,True,False,True,False,1
17.0,0,False,False,False,True,True,0
34.0,1,False,True,False,True,True,0
50.0,1,False,True,False,True,True,0
27.0,0,True,False,False,True,True,0
20.0,1,False,False,False,True,True,0
30.0,0,False,True,False,True,False,0
28.0,1,False,False,False,False,False,0
25.0,0,False,True,False,True,True,0
25.0,0,False,False,False,True,False,0
29.0,1,True,False,False,True,False,0
11.0,1,False,False,True,False,True,1
28.0,1,False,True,False,True,True,0
23.0,1,False,True,False,True,True,0
23.0,1,False,True,False,True,True,0
28.5,1,False,False,False,True,True,0
48.0,0,False,False,False,True,False,0
35.0,1,True,False,True,False,True,0
28.0,1,False,False,False,True,True,0
28.0,1,False,False,False,True,True,0
28.0,1,True,False,False,True,True,0
36.0,0,True,False,False,True,True,0
21.0,0,True,False,True,False,False,0
24.0,0,False,False,False,True,True,0
31.0,1,False,False,False,True,True,0
70.0,0,True,False,False,True,True,0
16.0,0,False,False,False,True,True,1
30.0,1,False,True,False,True,False,0
19.0,0,True,False,False,True,True,0
31.0,1,False,False,False,False,True,0
4.0,0,False,True,False,True,False,1
6.0,0,False,False,False,True,True,1
33.0,1,False,False,False,True,True,0
23.0,1,False,False,False,True,True,0
48.0,0,False,True,False,True,False,0
0.67,0,False,True,False,True,True,1
28.0,1,False,False,False,True,True,0
18.0,1,False,True,False,True,True,0
34.0,1,False,False,False,True,True,0
33.0,1,True,False,False,True,False,0
28.0,1,False,False,False,True,True,0
41.0,1,False,False,False,True,True,0
20.0,1,False,False,True,False,True,0
36.0,0,True,False,False,True,False,0
16.0,1,False,False,False,True,True,1
51.0,0,True,False,False,True,False,0
28.0,1,True,False,True,False,True,0
30.5,1,False,False,False,False,False,0
28.0,0,False,False,False,False,True,0
32.0,1,False,False,False,True,True,0
24.0,1,False,False,False,True,True,0
48.0,1,False,False,False,True,True,0
57.0,1,False,True,False,True,False,0
28.0,1,False,False,True,False,True,0
54.0,0,False,True,False,True,False,0
18.0,1,False,False,False,True,True,0
28.0,1,False,False,False,False,True,0
5.0,1,False,False,False,True,False,1
28.0,1,False,False,False,False,True,0
43.0,0,True,False,False,True,False,0
13.0,1,False,False,True,False,False,1
17.0,0,True,False,False,True,False,0
29.0,1,True,False,False,True,True,0
28.0,0,False,False,False,True,True,0
25.0,1,False,False,False,True,True,0
25.0,1,False,False,False,True,True,0
18.0,1,False,False,False,True,False,0
8.0,0,False,False,False,False,True,1
1.0,0,False,False,False,True,True,1
46.0,1,True,False,True,False,True,0
28.0,1,False,False,False,False,True,0
16.0,1,False,True,False,True,True,1
28.0,0,False,False,False,True,False,0
28.0,1,True,False,True,False,True,0
25.0,1,False,False,False,True,True,0
39.0,1,False,True,False,True,True,0
49.0,1,True,False,False,True,False,0
31.0,1,False,False,False,True,False,0
30.0,1,False,False,True,False,True,0
30.0,0,False,False,False,True,False,0
34.0,1,False,True,False,True,True,0
31.0,0,False,True,False,True,False,0
11.0,0,True,False,False,True,True,1
0.42,0,False,False,True,False,True,1
27.0,1,False,False,False,True,True,0
31.0,1,False,False,False,True,True,0
39.0,1,True,False,False,True,True,0
18.0,1,False,False,False,True,False,0
39.0,1,False,True,False,True,True,0
33.0,0,True,False,False,True,False,0
26.0,1,False,False,False,True,True,0
39.0,1,False,False,False,True,True,0
35.0,1,False,True,False,True,True,0
6.0,0,False,False,False,True,False,1
30.5,1,False,False,False,True,True,0
28.0,1,True,False,False,True,True,0
23.0,1,False,False,False,True,False,0
31.0,0,False,True,True,False,True,0
43.0,1,False,False,False,True,True,0
10.0,0,False,False,False,True,True,1
52.0,0,True,False,False,True,False,0
27.0,1,False,False,False,True,True,0
38.0,1,True,False,False,True,True,0
27.0,0,False,False,False,True,False,0
2.0,0,False,False,False,True,True,1
28.0,1,False,False,False,False,True,0
28.0,1,False,False,False,True,True,0
1.0,0,False,True,True,False,True,1
28.0,1,False,False,False,False,True,0
62.0,1,True,False,False,True,False,0
15.0,0,False,False,True,False,False,1
0.83,0,False,True,False,True,True,1
28.0,1,False,False,True,False,True,0
23.0,1,False,False,False,True,True,0
18.0,1,False,False,False,True,True,0
39.0,0,True,False,True,False,False,0
21.0,1,False,False,False,True,True,0
28.0,1,False,False,False,True,True,0
32.0,1,False,False,False,True,True,0
28.0,1,True,False,True,False,True,0
20.0,1,False,False,False,True,True,0
16.0,1,False,True,False,True,True,1
30.0,1,True,False,True,False,False,0
34.5,1,False,False,True,False,True,0
17.0,1,False,False,False,True,True,0
42.0,1,False,False,False,True,True,0
28.0,0,False,False,False,True,True,0
35.0,1,False,False,True,False,True,0
28.0,0,False,True,False,True,True,0
28.0,0,True,False,True,False,False,0
4.0,0,False,False,False,True,True,1
74.0,1,False,False,False,True,True,0
9.0,0,False,False,True,False,False,1
16.0,0,True,False,False,True,False,1
44.0,0,False,True,False,True,False,0
18.0,0,False,False,False,True,False,0
45.0,0,True,False,False,True,False,0
51.0,1,True,False,False,True,True,0
24.0,0,False,False,True,False,False,0
28.0,1,False,False,True,False,True,0
41.0,0,False,False,False,True,True,0
21.0,0,False,True,False,True,True,0
48.0,1,True,False,False,True,False,0
28.0,0,False,False,False,True,False,0
24.0,1,False,True,False,True,True,0
42.0,1,False,True,False,True,False,0
27.0,0,False,True,True,False,False,0
31.0,1,True,False,False,True,True,0
28.0,1,False,False,False,True,True,0
4.0,0,False,False,False,True,True,1
26.0,1,False,False,False,True,True,0
47.0,0,True,False,False,True,False,0
33.0,1,True,False,False,True,True,0
47.0,1,False,False,False,True,True,0
28.0,0,False,True,True,False,False,0
15.0,1,False,False,True,False,False,1
20.0,1,False,False,False,True,True,0
19.0,1,False,False,False,True,True,0
28.0,1,False,False,False,True,True,0
56.0,0,True,False,True,False,False,0
25.0,0,False,True,False,True,False,0
33.0,1,False,False,False,True,True,0
22.0,1,False,False,False,True,False,0
28.0,1,False,True,False,True,True,0
25.0,1,False,False,False,True,True,0
39.0,0,False,False,False,False,False,0
27.0,1,False,True,False,True,True,0
19.0,1,True,False,False,True,False,0
28.0,0,False,False,False,True,False,0
26.0,1,True,False,True,False,True,0
32.0,1,False,False,False,False,True,0
